company,bridge_scope,bridge_link_count,bridge_partner_sample
Coastal Cruisers Pic Shipping,11470,5,Brisa del Mar LC;Océano de Coral Corporation Express;Black Sea Tuna Snapper;hǎi dǎn Corporation Wharf;Sailors and Surfers Incorporated Enterprises
Zambezi Valley  Marine biology,7603,3,Playa del Sol LC -;hǎi dǎn Corporation Wharf;Océano de Coral Corporation Express
Uttar Pradesh s CJSC,7453,2,hǎi dǎn Corporation Wharf;Océano de Coral Corporation Express
Oceanic Oracle GmbH & Co. KG,6463,4,hǎi dǎn Corporation Wharf;SeaLion Marine AG Express;Sahara  LLC Co Consultants;Ancla Azul Transportation Seafaring
Oceanic Oracle GmbH America,6452,4,Scottish Oysters Pic Transport;OceanSavor Seafoam Ltd. Liability Co Transit;hǎi dǎn Corporation Wharf;Mandalore S.A. de C.V. Logistics
bái suō wěn lú AS,6277,2,Bujagali Falls  Pic Family;hǎi dǎn Corporation Wharf
jīng Coral LLC Carriers,5999,2,-41;hǎi dǎn Corporation Wharf
Mar de Estrellas Incorporated,5933,2,Seaside Summit S.A. de C.V.;hǎi dǎn Corporation Wharf
Barents Sea Shrimp N.V.,5925,1,hǎi dǎn Corporation Wharf
Marine Adventures Seabreeze AS Forwading,5925,1,hǎi dǎn Corporation Wharf
Caracola del Este N.V.,5917,1,hǎi dǎn Corporation Wharf
Wave Watchers SE Express,5917,1,hǎi dǎn Corporation Wharf
Mar de Estrellas Ltd,5915,1,hǎi dǎn Corporation Wharf
Tsha wamba Pic Barracuda,5915,1,hǎi dǎn Corporation Wharf
Oceanic Explorers Sagl Chart,5909,1,hǎi dǎn Corporation Wharf
mán yú AB International,5905,1,hǎi dǎn Corporation Wharf
Surf and Sea Dashi Oyj Marine ecology,5903,1,hǎi dǎn Corporation Wharf
Diao yu bi sai  Company,5894,1,hǎi dǎn Corporation Wharf
Ancla de Oro Ltd. Corporation,5889,1,hǎi dǎn Corporation Wharf
Logistics Ltd. Liability Co,5889,1,hǎi dǎn Corporation Wharf
Mar y Luna Co,5889,1,hǎi dǎn Corporation Wharf
Thundwa S.A. de C.V.,5884,1,hǎi dǎn Corporation Wharf
Cameroon Estuary  Co Investment,5864,1,hǎi dǎn Corporation Wharf
Irish Trout Inc Solutions,5862,1,hǎi dǎn Corporation Wharf
French Crab S.p.A. Worldwide,5855,4,-31;-39;Nile Crocodile  Sailboat Sp Line;hǎi dǎn Corporation Wharf
The Salty Dog Limited Liability Company,5854,1,hǎi dǎn Corporation Wharf
Turkish Calamari AB Marine conservation,5848,1,hǎi dǎn Corporation Wharf
Mar del Caribe Sagl,5843,2,Nile Crocodile  OJSC Express;hǎi dǎn Corporation Wharf
Mar de Cielo S.A. de C.V. Manatee,5826,1,hǎi dǎn Corporation Wharf
Uttar Pradesh s AG,5587,1,hǎi dǎn Corporation Wharf
Aqua Aura SE Marine life,5538,1,hǎi dǎn Corporation Wharf
Barents Sea Cod CJSC Export,5520,4,hǎi dǎn Corporation Wharf;Niger Bend   Dry dock;Mar del Placer Limited Liability Company;Tamil Nadu s Ltd. Corporation
Sea Breezes GmbH & Co. KG Shark,4944,5,Náutica del Norte Kga Holdings;Fresh Limited Liability Company;Selous Game Reserve  A/S;The Salty Dog Logistics Leska;Ocean Outfitters Limited Liability Company Distribution
TunaTreat Company Marine sanctuary,4757,4,xiǎo lóng xiā LC;Fresh Limited Liability Company;Jharkhand  Ltd. Liability Co Worldwide;Greek Octopus Company Distribution
Mar y Luna Sagl,4659,4,Saltwater Supreme ОАО Forwading;Sailors and Surfers Incorporated Enterprises;Mar y Luna Ltd. Corporation;Marine Mates NV Worldwide
Turkish Salmon A/S Marine,4520,5,Kong zhong diao yu  Ges.m.b.H.;Mar del Este CJSC;Mar del Paraíso Corporation Logistics;Victoria Falls   N.V. Carriers;Mar del Paraíso Sp
Mar del Oeste Transport,4265,2,Saltwater Supreme ОАО Forwading;Sailors and Surfers Incorporated Enterprises
Black Sea Tuna Snapper,4259,5,Fresh Limited Liability Company;Mar y Luna Ltd. Liability Co Enterprises;Coastal Cruisers Pic Shipping;xún yú S.A. de C.V.;Costa del Sol Co
hǎi dǎn Corporation Wharf,4250,31,Uttar Pradesh s CJSC;Oceanic Oracle GmbH & Co. KG;Barents Sea Cod CJSC Export;The Salty Dog Limited Liability Company;Uttar Pradesh s AG
Chhattisgarh  Salt spray ОАО United,4026,1,Fresh Limited Liability Company
Kong zhong diao yu  Ges.m.b.H.,4011,8,Simien Mountains   Company Transport;Rufiji Delta  Inc Cargo;Fresh Limited Liability Company;Gulf of Tadjoura  Ltd. Liability Co Logistics;Isla del Este Kga Tidepool
Mar del Oeste Corp Transportation,4010,1,Fresh Limited Liability Company
Dutch Mussels GmbH Carriers,3986,1,Fresh Limited Liability Company
Ola Azul SRL United,3662,1,Caracola del Sol Services
Mount Kenya  Tsunami GmbH & Co. KG Cargo,3656,1,Caracola del Sol Services
Tshimbua GmbH & Co. KG,3655,1,Caracola del Sol Services
CoralCrest Inc and Son's,3647,1,Caracola del Sol Services
Chuan gou  N.V. Delivery,3642,1,Caracola del Sol Services
SE Ltd. Liability Co,3640,1,Caracola del Sol Services
Saltwater Serenity Inc Caviar,3637,1,Caracola del Sol Services
Green Valley Sp Current,3619,1,Caracola del Sol Services
Okavango River  NV Marine life,3613,1,Caracola del Sol Services
Mar de la Vida S.p.A.,3046,2,Mar del Placer Manatee;Costa de la Felicidad Shipping
Fresh Limited Liability Company,3022,7,TunaTreat Company Marine sanctuary;Black Sea Tuna Snapper;Dutch Mussels GmbH Carriers;Chhattisgarh  Salt spray ОАО United;Kong zhong diao yu  Ges.m.b.H.
Surf and Sand & Son's,2919,1,Costa de la Felicidad Shipping
Victoria Falls   S.A. de C.V.,2907,1,Costa de la Felicidad Shipping
Ola Azul Ges.m.b.H. Services,2900,2,Playa de Coral Distribution Marine sanctuary;Mar del Este CJSC
Selous Game Reserve  Sp Distribution,2890,1,Costa de la Felicidad Shipping
Bay of Bengal's A/S,2877,1,Costa de la Felicidad Shipping
Chhattisgarh  GmbH & Co. KG Brothers,2875,1,Costa de la Felicidad Shipping
Yu er he  Corporation,2863,1,Mar del Este CJSC
Yu xian  Ltd. Liability Co Freight ,2862,1,Mar del Este CJSC
AquaBite Limited Liability Company Marine,2861,1,Mar del Este CJSC
suō yú Incorporated Brothers,2859,1,Costa de la Felicidad Shipping
SeaSelect Foods Oyj Transport,2854,1,Mar del Este CJSC
Kallianassa Fish  AG Solutions,2853,1,Mar del Este CJSC
Wave Watchers Ltd. Liability Co,2850,1,Mar del Este CJSC
SeaSiren Limited Liability Company,2849,1,Mar del Este CJSC
ReefRider S.A. de C.V.,2848,1,Mar del Este CJSC
2 Limited Liability Company,2845,1,Mar del Este CJSC
TideTurner Tidepool Co Enterprises,2843,1,Mar del Este CJSC
Icelandic Cod Pier ОАО Transport,2837,1,Mar del Este CJSC
Saltwater Sisters Ltd. Corporation Shipping,2835,1,Mar del Este CJSC
Yu er he  Bonito,2834,1,Mar del Este CJSC
Chuan gou  Ltd Marine ecology,2828,1,Mar del Este CJSC
Jammu Ltd. Liability Co,2793,2,Meghalaya  Ltd. Liability Co Marine conservation;Costa de la Felicidad Shipping
Bujagali Falls  Oyj Marine,2703,1,Sailors and Surfers Incorporated Enterprises
Coral Cove Sagl Chart,2702,1,Sailors and Surfers Incorporated Enterprises
Marine Muse Ltd. Corporation,2696,1,Sailors and Surfers Incorporated Enterprises
Gulf of Tadjoura  AS,2690,1,Sailors and Surfers Incorporated Enterprises
Kilimajaro Slopes   N.V. Logistics,2678,1,Sailors and Surfers Incorporated Enterprises
Line S.A. de C.V.,2633,1,Sailors and Surfers Incorporated Enterprises
Delphinia Trout OJSC Transportation,2457,1,Zambezi Gorge  N.V. Transport
Beachcomber's Bounty CJSC Sea,2443,1,Zambezi Gorge  N.V. Transport
Haryana s Sagl Transport,2375,1,Zambezi Gorge  N.V. Transport
Estrella de Mar Consultants -,2312,5,Sikkim  Market Corporation Investment;-35;-11;Caracola Azul Oyj &;Caracola Azul Ltd. Corporation
xiǎo lóng xiā LC,2269,5,TunaTreat Company Marine sanctuary;Tamil  Nautilus CJSC Consulting;-49;Norwegian King Crab S.A. de C.V.;Gujarat  S.A. de C.V.
Ianira Starfish Sagl Import,2172,2,-6;Coral Cove BV Delivery
The Sea Turtle A/S,2166,1,Pao gan SE Seal
1 Ltd. Liability Co Cargo,2161,1,Pao gan SE Seal
Salt WaterCo Sp Marine life,2154,1,Pao gan SE Seal
Mar del Caribe LLC,2149,1,Pao gan SE Seal
Rajasthan  Market CJSC Tide,2148,1,Pao gan SE Seal
Isla del Tesoro SE Transport,2147,1,Pao gan SE Seal
Blue Horizon Family &,2146,1,Pao gan SE Seal
Asiotr Green  SE Marine sanctuary,2072,1,Coral Cove BV Delivery
biān yú Dry dock,2071,1,Coral Cove BV Delivery
The Sea Turtle Sagl Cargo ship,1991,1,Selous Game Reserve  S.A. de C.V.
Belgian Scallop Harbor ОАО Freight ,1980,1,Selous Game Reserve  S.A. de C.V.
Brisa del Este ОАО,1976,1,Selous Game Reserve  S.A. de C.V.
Baltic Sprat Corp Roe,1963,1,Selous Game Reserve  S.A. de C.V.
Costa de la Felicidad and Sagl Marine,1957,1,Selous Game Reserve  S.A. de C.V.
Rufiji Delta  Inc Cargo,1767,1,Kong zhong diao yu  Ges.m.b.H.
Coral del Cielo A/S,1761,1,Kong zhong diao yu  Ges.m.b.H.
Gulf of Tadjoura  Ltd. Liability Co Logistics,1760,1,Kong zhong diao yu  Ges.m.b.H.
Agua Limited Liability Company Transit,1757,1,Kong zhong diao yu  Ges.m.b.H.
Isla del Este Kga Tidepool,1756,1,Kong zhong diao yu  Ges.m.b.H.
Bahía del Sol ОАО,1724,1,Océano de Coral Corporation Express
Baltic Sprat Seafaring Co Holdings,1674,1,Saltwater Supreme ОАО Forwading
Nagaland Sea Catch Ltd. Liability Co,1673,1,Saltwater Supreme ОАО Forwading
Namib Desert  Ltd. Corporation,1670,1,Saltwater Supreme ОАО Forwading
Cymopoleia & Son's Estuary,1670,1,Saltwater Supreme ОАО Forwading
Caracola del Este Plc United,1667,1,Saltwater Supreme ОАО Forwading
Surf and Sea Seal Ltd Forwading,1662,1,Saltwater Supreme ОАО Forwading
Yu gou  SRL Merchants,1652,1,Saltwater Supreme ОАО Forwading
-46,1616,1,Estrella del Mar Seafarer
Simien Mountains   Company Transport,1587,1,Kong zhong diao yu  Ges.m.b.H.
Jammu & Kashmir  GmbH & Co. KG and Son's,1554,2,Rift Valley fishery Inc;Turkish Sword Investment Catfish
-54,1553,1,Estrella del Mar Seafarer
Bu yu wang Motorboat,1472,1,Arunachal Pradesh s A/S Transport
SeaTrekker Salt spray S.p.A. Freight ,1468,1,Arunachal Pradesh s A/S Transport
Gulf of Guinea   Enterprises,1466,1,Arunachal Pradesh s A/S Transport
FinestSea Ltd. Corporation Enterprises,1447,1,Arunachal Pradesh s A/S Transport
Oka  Ltd. Liability Co,1435,1,Arunachal Pradesh s A/S Transport
Sailors and Surfers Incorporated Enterprises,1380,9,Mar y Luna Sagl;Marine Muse Ltd. Corporation;Kilimajaro Slopes   N.V. Logistics;Line S.A. de C.V.;Coral Cove Sagl Chart
xiǎo lóng xiā GmbH,1276,1,Olas del Mar Worldwide
Paradera S.A. de C.V.,1207,1,Caracola Azul Oyj &
Mar y Luna Ltd. Liability Co Enterprises,1193,1,Black Sea Tuna Snapper
xún yú S.A. de C.V.,1180,1,Black Sea Tuna Snapper
Niger Bend   Dry dock,1169,1,Barents Sea Cod CJSC Export
-23,1165,1,Caracola del Este Corporation Express
-60,1164,1,Caracola del Este Corporation Express
-36,1164,1,Caracola del Este Corporation Express
Tamil Nadu s Ltd. Corporation,1164,1,Barents Sea Cod CJSC Export
Mar del Placer Limited Liability Company,1163,1,Barents Sea Cod CJSC Export
Costa del Sol Co,1161,1,Black Sea Tuna Snapper
Tide Turners S.A. de C.V. Marine,1159,1,Caracola del Este Corporation Express
Mar del Este CJSC,1154,16,AquaBite Limited Liability Company Marine;Icelandic Cod Pier ОАО Transport;Yu er he  Bonito;TideTurner Tidepool Co Enterprises;SeaSiren Limited Liability Company
Saltwater Supreme ОАО Forwading,1148,9,Mar y Luna Sagl;Surf and Sea Seal Ltd Forwading;Caracola del Este Plc United;Baltic Sprat Seafaring Co Holdings;Yu gou  SRL Merchants
Monarch Ltd. Liability Co Transport,1131,1,Caracola Azul Ltd. Corporation
Zambezi Delta  Limited Liability Company,1107,1,Saltwater Supreme Pelican Ltd Enterprises
Costa de la Felicidad Shipping,1105,8,suō yú Incorporated Brothers;Surf and Sand & Son's;Bay of Bengal's A/S;Victoria Falls   S.A. de C.V.;Mar de la Vida S.p.A.
Chituku Trout Inc Cargo,1073,1,Yu xian  SRL Industrial
Bahía Azul Ltd Holdings,1072,1,Yu xian  SRL Industrial
Wave Watchers Underwater Ltd. Corporation Solutions,1070,1,Yu xian  SRL Industrial
Southeast S.A. de C.V.,1067,1,Yu xian  SRL Industrial
Uttarakhand   Tidepool Oyj International,1066,1,Yu xian  SRL Industrial
Náutica del Mar AG,1057,1,Fisherman's Best Marine conservation
Marine Mates NV Worldwide,997,3,Saltwater Symphony S.A. de C.V.;Mar y Luna Sagl;Mar de Cristalino Ges.m.b.H.
Selous Game Reserve  A/S,950,4,Lake Turkana  Charter Boat  NV Marine;Congo River  AG Transit;Sea Breezes GmbH & Co. KG Shark;-52
West Bengal  A/S Freight ,913,1,Arunachal Pradesh s Brine
Victoria Falls   Pier Corp Solutions,911,2,-13;Arunachal Pradesh s Brine
biān yú AG Forwading,894,2,Maharashtra  Ltd. Liability Co Shipping;Coastal Currents Ltd. Liability Co Delivery
SRL Ltd. Liability Co,885,1,Panope Limited Liability Company
Océano de Coral Corporation Express,867,4,Coastal Cruisers Pic Shipping;Bahía del Sol ОАО;Zambezi Valley  Marine biology;Uttar Pradesh s CJSC
Sea Spray AS Cargo,823,1,3 Oceanography ОАО Marine life
zhāng yú Ges.m.b.H. Solutions,817,1,Portuguese Tuna Incorporated Marine
S.A. de C.V. AG,815,1,Portuguese Tuna Incorporated Marine
Jharkhand  Ltd. Liability Co Worldwide,813,2,-4;TunaTreat Company Marine sanctuary
Mar del Caribe Express Surf,785,1,BlueWaterBites GmbH & Co. KG Export
-58,775,1,Maharashtra ers Incorporated Express
-50,774,1,Maharashtra ers Incorporated Express
Cape of Good Hope   S.p.A.,772,1,BlueWaterBites GmbH & Co. KG Export
Spanish Shrimp Ltd. Corporation Transport,757,1,Coastal Cruisers GmbH Logistics
Neptune's Kingdom Sailboat LLC Cargo,749,1,Vespuci Sagl Marine sanctuary
Arunachal Pradesh s Plc,734,1,Náutica del Sol Corporation
Lake Tana  N.V. Enterprises,732,2,Dutch  Ltd. Liability Co Consultants;-9
Atlantic Ocean Coast  _ Ges.m.b.H. Express,732,1,SilverStream CJSC Marine conservation
Mar de la Aventura & Incorporated Shipping,732,1,Dutch  Ltd. Liability Co Consultants
Barents Sea  GmbH Cargo ,726,2,Ancla Azul Transportation Seafaring;Coral Cove Corporation Delivery
Maharashtra   Limited Liability Company,726,1,Náutica del Sol Corporation
Saltwater Symphony S.A. de C.V.,715,2,Lake Kivu   BV United;Marine Mates NV Worldwide
Matthew Oyj Marine sanctuary,706,1,Black Sea Tuna Sagl
Saltwater Sanctuary NV Delivery,705,1,Black Sea Tuna Sagl
Serengeti  Inc. Ltd Seabed,693,1,Ola de la Costa N.V.
-47,691,1,Water Wonders Tidepool Ltd Holdings
Estrella de Mar SE,680,1,Playa de la Luna Incorporated
-4,676,1,Jharkhand  Ltd. Liability Co Worldwide
Punjab Sea  CJSC Estuary,672,1,Ola de la Costa N.V.
Gvardeysk S.A. de C.V.,657,1,Ola de la Costa N.V.
Ancla Azul Transportation Seafaring,650,5,Oceanic Oracle GmbH & Co. KG;Barents Sea  GmbH Cargo ;Madhya GmbH & Co. KG Family;Mar de Estrellas N.V.;Estrella del Mar Logistics Charter Boat 
Greek Octopus Company Distribution,649,1,TunaTreat Company Marine sanctuary
Lake Turkana  Charter Boat  NV Marine,645,2,Danish Shrimp Kga Solutions;Selous Game Reserve  A/S
Arena del Mar Marine Marine biology,636,3,Danish Plaice Ltd. Liability Co Logistics;Playa de Arena Submarine S.A. de C.V. Marine;Kilimajaro Slopes   Incorporated and Son's
Mar Azul Ltd. Liability Co,621,1,Angrapa Ltd. Liability Co Export
Océano del Este Corporation,608,1,River Gambia  Brine Pic Express
-31,605,1,French Crab S.p.A. Worldwide
-39,605,1,French Crab S.p.A. Worldwide
Nile Crocodile  Sailboat Sp Line,600,1,French Crab S.p.A. Worldwide
Estrella del Mar Seafarer,567,2,-54;-46
Mar y Luna Ltd. Corporation,565,1,Mar y Luna Sagl
Meghalaya  Ltd. Liability Co Marine conservation,537,1,Jammu Ltd. Liability Co
Mar de la Felicidad NV Investment,531,2,Khundu Whale AG Cargo;Caracola de Coral Oyj
The Salty Dog Logistics Leska,520,1,Sea Breezes GmbH & Co. KG Shark
Ocean Outfitters Limited Liability Company Distribution,519,1,Sea Breezes GmbH & Co. KG Shark
Náutica del Norte Kga Holdings,514,1,Sea Breezes GmbH & Co. KG Shark
Mar de Cristalino Ges.m.b.H.,500,1,Marine Mates NV Worldwide
-52,487,1,Selous Game Reserve  A/S
Congo River  AG Transit,486,1,Selous Game Reserve  A/S
Mar del Paraíso Corporation Logistics,468,3,Mar de la Luna S.p.A.;Fin Flair Marine life Incorporated Holdings;Turkish Salmon A/S Marine
Blue Nile  OJSC Logistics,468,1,Belgian Shrimps Ocean Corp Holdings
Danish Shrimp Kga Solutions,453,2,Lake Turkana  Charter Boat  NV Marine;0
Lake Kivu   BV United,444,1,Saltwater Symphony S.A. de C.V.
Caracola del Sol Services,435,9,Tshimbua GmbH & Co. KG;Chuan gou  N.V. Delivery;Ola Azul SRL United;CoralCrest Inc and Son's;Mount Kenya  Tsunami GmbH & Co. KG Cargo
Vleikurper Limited Liability Company Transport,428,1,Belgian Shrimps Ocean Corp Holdings
-12,425,1,Madagascar   Ltd. Corporation Express
The Salty Dog Oyj,422,1,Punjab s A/S Marine
Perla del Mar CJSC,419,1,Ola Marina Company Line
Saltwater Solitude Marine biology,417,1,Ola Marina Company Line
-35,415,1,Estrella de Mar Consultants -
-11,415,1,Estrella de Mar Consultants -
Zambezi Gorge  N.V. Transport,410,3,Beachcomber's Bounty CJSC Sea;Haryana s Sagl Transport;Delphinia Trout OJSC Transportation
Saltwater Sisters Inc Seafaring,410,1,Togo  S.A. de C.V.
Meris Current Corp Transportation,409,1,Mar de Plata BV Marine
Sikkim  Market Corporation Investment,409,1,Estrella de Mar Consultants -
Ocean Oasis SRL Anchor,409,1,Assam  Market Cargo ship Company Marine conservation
Ola de la Costa N.V.,408,3,Punjab Sea  CJSC Estuary;Gvardeysk S.A. de C.V.;Serengeti  Inc. Ltd Seabed
Caracola Azul Oyj &,399,2,Estrella de Mar Consultants -;Paradera S.A. de C.V.
-1,393,1,Uttar Pradesh s CJSC
-8,388,1,bái suō wěn lú Ltd Cargo
Coral Rojo Ltd. Liability Co Express,383,1,bái suō wěn lú Ltd Cargo
Mizoram  GmbH & Co. KG,378,1,Portuguese Tuna A/S Cargo
-3,374,1,Coastal Cruisers Pic Shipping
Caracola Azul Ltd. Corporation,368,2,Monarch Ltd. Liability Co Transport;Estrella de Mar Consultants -
Ola Marina Company Line,362,2,Perla del Mar CJSC;Saltwater Solitude Marine biology
Brisa del Mar LC,361,1,Coastal Cruisers Pic Shipping
OceanSavor Seafoam Ltd. Liability Co Transit,357,1,Oceanic Oracle GmbH America
Caracola del Sol LLC,356,1,Sea Breezes N.V. Canal
Mar de Estrellas N.V.,354,2,Estrella del Mar Logistics Charter Boat ;Ancla Azul Transportation Seafaring
Scottish Oysters Pic Transport,351,1,Oceanic Oracle GmbH America
Ethiopian Highlands  Incorporated Marine biology,351,1,Madagascar Coast  AG Freight 
Bahía del Sol SRL Solutions,350,1,Madagascar Coast  AG Freight 
Surf's Up s Sp,350,1,Madagascar Coast  AG Freight 
Dutch  Ltd. Liability Co Consultants,340,2,Lake Tana  N.V. Enterprises;Mar de la Aventura & Incorporated Shipping
Estrella del Mar Logistics Charter Boat ,340,2,Mar de Estrellas N.V.;Ancla Azul Transportation Seafaring
Mar del Paraíso Sp,337,1,Turkish Salmon A/S Marine
Victoria Falls   N.V. Carriers,336,1,Turkish Salmon A/S Marine
Mandalore S.A. de C.V. Logistics,334,1,Oceanic Oracle GmbH America
Icelandic Oysters S.A. de C.V. Lighthouse,309,1,Orange River   Incorporated Shipping
SeaLion Marine AG Express,304,1,Oceanic Oracle GmbH & Co. KG
Arunachal Pradesh s A/S Transport,303,5,Gulf of Guinea   Enterprises;FinestSea Ltd. Corporation Enterprises;Oka  Ltd. Liability Co;Bu yu wang Motorboat;SeaTrekker Salt spray S.p.A. Freight 
Sahara  LLC Co Consultants,303,1,Oceanic Oracle GmbH & Co. KG
Madhya GmbH & Co. KG Family,302,1,Ancla Azul Transportation Seafaring
Mar de Cristalino Beach,301,1,Marine Mates Cruise ship
BlueWaterBites GmbH & Co. KG Export,290,2,Mar del Caribe Express Surf;Cape of Good Hope   S.p.A.
Nautical Navigators Limited Liability Company Holdings,284,1,Sea Breeze Corporation Marine sanctuary
Manipur  Market Corporation Cargo,283,1,Sea Breeze Corporation Marine sanctuary
-9,280,1,Lake Tana  N.V. Enterprises
Seaside Summit S.A. de C.V.,264,1,Mar de Estrellas Incorporated
Náutica del Norte LC,260,1,Tide Turners Ltd Transport
Playa del Cielo ОАО,259,1,Olas del Sur Ltd
-41,259,1,jīng Coral LLC Carriers
The Sea Turtle AB,259,1,Coral del Sur Ltd. Corporation Investment
Náutica del Sol A/S,255,1,Coral del Sur Ltd. Corporation Investment
Manipur  Market Ltd. Liability Co,255,1,Olas del Sur Ltd
Pao gan SE Seal,252,7,The Sea Turtle A/S;Blue Horizon Family &;Salt WaterCo Sp Marine life;1 Ltd. Liability Co Cargo;Rajasthan  Market CJSC Tide
Daniel Ferry N.V. Transit,250,1,Olas del Sur Ltd
Olas del Sur Ltd,244,3,Daniel Ferry N.V. Transit;Playa del Cielo ОАО;Manipur  Market Ltd. Liability Co
Náutica del Sol Corporation,244,2,Arunachal Pradesh s Plc;Maharashtra   Limited Liability Company
Wave Watchers Co Holdings,243,1,Neptune's Harvest LC Transport
Nile Crocodile  OJSC Express,238,1,Mar del Caribe Sagl
-55,237,1,French Crab Pic Marine conservation
Greek Octopus Ltd. Corporation,237,1,Ancla de Oro Kga Import
Playa de Coral OJSC,232,1,Kafue River  Seagrass Limited Liability Company Marine
-49,227,1,xiǎo lóng xiā LC
Gujarat  S.A. de C.V.,216,1,xiǎo lóng xiā LC
-44,214,1,Greek Sea Bass Co
Norwegian King Crab S.A. de C.V.,211,1,xiǎo lóng xiā LC
Mar de la Luna S.p.A.,208,1,Mar del Paraíso Corporation Logistics
Selous Game Reserve  S.A. de C.V.,208,5,Baltic Sprat Corp Roe;Brisa del Este ОАО;The Sea Turtle Sagl Cargo ship;Costa de la Felicidad and Sagl Marine;Belgian Scallop Harbor ОАО Freight 
Tamil  Nautilus CJSC Consulting,205,1,xiǎo lóng xiā LC
Adriatic Squid Limited Liability Company Current,202,1,Greek Sea Bass LLC
Fin Flair Marine life Incorporated Holdings,201,1,Mar del Paraíso Corporation Logistics
Playa de Coral Distribution Marine sanctuary,201,1,Ola Azul Ges.m.b.H. Services
Irtysh  Dredge A/S Distribution,198,1,Olas del Sur Sp
Uttar Pradesh s Oyj,197,1,Bu yu wang Corporation Marine conservation
Coral Cove Corporation Delivery,190,1,Barents Sea  GmbH Cargo 
Caspian Sea   Company Seafarer,190,1,Kilimajaro Slopes   Oceanfront AB Overseas
Bujagali Falls  Pic Family,188,1,bái suō wěn lú AS
Coastal Currents Ltd. Liability Co Delivery,186,1,biān yú AG Forwading
Playa del Sol LC -,185,1,Zambezi Valley  Marine biology
Odisha  Limited Liability Company,184,1,Costa del Viento Fish  S.p.A. United
Malabar Sea Catch -,183,1,West Bengal  Company Nori
-56,182,1,Danish Mackerel S.A. de C.V.
Lake Victoria Catch  SE,182,1,Kilimajaro Slopes   Oceanfront AB Overseas
0,180,1,Danish Shrimp Kga Solutions
katushka Barracuda Inc and Son's,179,1,Karnataka  Ltd. Corporation Manatee
-48,179,1,Danish Shrimp Kga Solutions
Maharashtra  Ltd. Liability Co Shipping,172,1,biān yú AG Forwading
Kilimajaro Slopes   Incorporated and Son's,165,1,Arena del Mar Marine Marine biology
Danish Plaice Ltd. Liability Co Logistics,164,1,Arena del Mar Marine Marine biology
-10,163,1,Himachal Pradesh   Limited Liability Company
Yu xian  SRL Industrial,162,5,Chituku Trout Inc Cargo;Uttarakhand   Tidepool Oyj International;Southeast S.A. de C.V.;Bahía Azul Ltd Holdings;Wave Watchers Underwater Ltd. Corporation Solutions
Adriatic Tuna Company Distribution,162,1,Kong zhong diao yu  NV Export
Dry Creek Ltd. Corporation,160,1,Perla del Mar SRL
David Limited Liability Company Worldwide,159,2,Saltwater Sisters AS Marine life;Belgian Cod BV Solutions
BlueWater Bistro Ltd. Liability Co,155,1,Makumba Ltd. Liability Co
Belgian Shrimps Ocean Corp Holdings,155,2,Vleikurper Limited Liability Company Transport;Blue Nile  OJSC Logistics
-7,150,1,Zale Limited Liability Company
Caracola del Este Corporation Express,149,2,-23;Tide Turners S.A. de C.V. Marine
French Sardine LLC Transit,148,1,Tamil  Marina N.V. Family
LLC Limited Liability Company,147,1,The Salty Pearl Tsunami Corp Express
Mar de la Vida SRL,146,1,Drakensberg  S.A. de C.V. Marine ecology
Olas del Sur Corp,142,1,Mar de la Costa Company
Drakensberg  S.A. de C.V. Marine ecology,142,1,Mar de la Vida SRL
-2,137,2,Andhra Pradesh   Limited Liability Company Tilapia;Kerala  Market SRL Wave
Jammu & Kashmir Sea  AS Marine,136,1,Beach Breakers Ltd Import
Sea Breeze Corporation Marine sanctuary,132,2,Nautical Navigators Limited Liability Company Holdings;Manipur  Market Corporation Cargo
Coral Cove BV Delivery,132,3,biān yú Dry dock;Ianira Starfish Sagl Import;Asiotr Green  SE Marine sanctuary
Norwegian Haddock Ltd. Corporation Logistics,132,1,Uttar Pradesh Sea  Company Seafoam
Gulf of Guinea   Incorporated Ray,130,1,French Crab AG Express
Playa de Arena Submarine S.A. de C.V. Marine,128,1,Arena del Mar Marine Marine biology
-40,126,2,Arunachal Pradesh s &;Sander Ltd. Corporation Leska
Faroe Islands Halibut N.V. Transport,126,1,Madhya Pradesh   Ltd. Corporation
Kong zhong diao yu  NV Export,123,1,Adriatic Tuna Company Distribution
Oceanfront Oases Oyj Sea,121,1,Whale Ltd. Liability Co
-6,121,1,Ianira Starfish Sagl Import
SaltwaterSatisfactions Incorporated Marine ecology,120,1,Costa del Mar BV Consulting
Punjab s A/S Marine,114,1,The Salty Dog Oyj
Playa de Arena Ltd,114,1,Chobe River   Distribution Pelican
Uttar Pradesh s Barracuda,113,1,Haryana Sea  Mussel Inc Export
Madagascar Coast  AG Freight ,112,3,Bahía del Sol SRL Solutions;Ethiopian Highlands  Incorporated Marine biology;Surf's Up s Sp
Tide Turners Ltd Transport,111,1,Náutica del Norte LC
Kilimajaro Slopes   Oceanfront AB Overseas,109,2,Lake Victoria Catch  SE;Caspian Sea   Company Seafarer
Togo  S.A. de C.V.,104,1,Saltwater Sisters Inc Seafaring
Mar de Estrellas GmbH & Co. KG,103,1,Beach Breakers Ltd. Corporation Marine conservation
Marine Masterminds Kga Line,98,1,Belgian Cod BV Solutions
Cape of Good Hope   Corporation,98,1,Belgian Cod BV Solutions
SurfSide Limited Liability Company,93,1,Meghalaya  Sandbar S.p.A. Services
Black Sea Tuna Sagl,91,2,Saltwater Sanctuary NV Delivery;Matthew Oyj Marine sanctuary
French Crab AG Express,91,1,Gulf of Guinea   Incorporated Ray
West Bengal  SE Family,91,1,Bahía del Este SE
Caracola de Coral Oyj,91,1,Mar de la Felicidad NV Investment
Estrella del Mar Sp Transit,88,1,Mar del Este Brine SRL Investment
-5,88,1,Danish Lobster Kga Motorboat
Náutica del Sol S.A. de C.V.,87,1,Assam  Market Tilapia Ltd Worldwide
páng xiè Ltd. Liability Co Freight ,86,1,Wave Watchers Ltd International
Water Wonders Tidepool Ltd Holdings,85,1,-47
Khundu Whale AG Cargo,85,1,Mar de la Felicidad NV Investment
Okavango River  S.A. de C.V. Solutions,83,1,Deep Sea Divers Tom yum ОАО Marine sanctuary
-32,82,1,Norwegian Fjord  S.A. de C.V. Brothers
Beach Breakers Ltd Import,80,1,Jammu & Kashmir Sea  AS Marine
-45,79,1,Playa de Arena Pic
Delhi ers Ltd. Liability Co,79,1,xiǎo lóng xiā Kga
Portuguese Sea Bass &,78,1,Diao er  Limited Liability Company
Belgian Cod BV Solutions,74,3,Marine Masterminds Kga Line;David Limited Liability Company Worldwide;Cape of Good Hope   Corporation
Mar del Oeste S.p.A. United,71,1,Barents Sea Cod Oyj Marine
Scottish Oysters SE Consulting,70,1,Saltwater Symphony - CJSC Marine
Kafue River  Seagrass Limited Liability Company Marine,65,1,Playa de Coral OJSC
Saltwater Symphony - CJSC Marine,64,1,Scottish Oysters SE Consulting
Mar de Cristal CJSC,63,1,William Inc Marine sanctuary
Surf's Up  Kga Shipping,62,1,Nile Crocodile  Deep-sea Oyj Brothers
Costa del Viento Fish  S.p.A. United,61,1,Odisha  Limited Liability Company
Yu wo  CJSC Marine sanctuary,59,1,Ronan Catfish Corp Solutions
Mar de la Costa Company,58,1,Olas del Sur Corp
Mar de Coral GmbH and Son's,57,1,Bahía de Plata GmbH
Ancla de Oro Kga Import,57,1,Greek Octopus Ltd. Corporation
Ronan Catfish Corp Solutions,56,1,Yu wo  CJSC Marine sanctuary
Paul AG Marine biology,56,1,Zambezi River   GmbH Marine
Sea Breezes N.V. Canal,55,1,Caracola del Sol LLC
Arunachal Pradesh s Brine,54,2,West Bengal  A/S Freight ;Victoria Falls   Pier Corp Solutions
-13,54,1,Victoria Falls   Pier Corp Solutions
Coral del Sur LC Export,53,1,Mar y Viento A/S
Portuguese Tuna A/S Cargo,52,1,Mizoram  GmbH & Co. KG
-42,52,1,Estrella del Mar Forwading
Aqua Advancements Corp Marine mist,51,1,Olas del Mar N.V.
Bahía de Plata GmbH,51,1,Mar de Coral GmbH and Son's
Marine Mates Cruise ship,51,1,Mar de Cristalino Beach
bái suō wěn lú Ltd Cargo,51,2,Coral Rojo Ltd. Liability Co Express;-8
-51,51,1,Limpopo River  AB Consultants
3 Oceanography ОАО Marine life,49,1,Sea Spray AS Cargo
Saltwater Solutions AB Marine conservation,48,1,Dry Creek Incorporated Laksa
Uttarakhand s Inc United,47,1,Caspian Sea   Ltd. Corporation Export
Mar del Placer Manatee,46,1,Mar de la Vida S.p.A.
Coral del Sur Ltd. Corporation Investment,46,2,Náutica del Sol A/S;The Sea Turtle AB
Assam  Market Tilapia Ltd Worldwide,46,1,Náutica del Sol S.A. de C.V.
Fisherman's Best Marine conservation,45,1,Náutica del Mar AG
Portuguese Tuna Incorporated Marine,43,2,zhāng yú Ges.m.b.H. Solutions;S.A. de C.V. AG
-57,43,1,Tripura  BV and Son's
Coastal Cruisers GmbH Logistics,43,1,Spanish Shrimp Ltd. Corporation Transport
Caspian Sea   Ltd. Corporation Export,43,1,Uttarakhand s Inc United
-59,42,1,Senegal Coast  LC Solutions
-33,42,1,Lake Nasser  AB Logistics
Uttar Pradesh Sea  Company Seafoam,42,1,Norwegian Haddock Ltd. Corporation Logistics
Nile Crocodile  Deep-sea Oyj Brothers,42,1,Surf's Up  Kga Shipping
Estrella de la Costa Ltd Distribution,41,1,Jiyu  Barracuda A/S Line
Assam  Market Cargo ship Company Marine conservation,40,1,Ocean Oasis SRL Anchor
Neptune's Harvest LC Transport,40,1,Wave Watchers Co Holdings
Asveja GmbH & Co. KG Transit,38,1,Mar del Oeste N.V.
Barents Sea Cod Oyj Marine,37,1,Mar del Oeste S.p.A. United
Playa de la Luna Incorporated,37,1,Estrella de Mar SE
-37,37,1,Ola de la Costa SE Forwading
Orange River   Incorporated Shipping,37,1,Icelandic Oysters S.A. de C.V. Lighthouse
xiǎo lóng xiā Kga,37,1,Delhi ers Ltd. Liability Co
Zambezi River   GmbH Marine,37,1,Paul AG Marine biology
Wave Watchers Ltd International,36,1,páng xiè Ltd. Liability Co Freight 
Bu yu wang Corporation Marine conservation,36,1,Uttar Pradesh s Oyj
Rift Valley fishery Inc,35,1,Jammu & Kashmir  GmbH & Co. KG and Son's
Jiyu  Barracuda A/S Line,35,1,Estrella de la Costa Ltd Distribution
Turkish Sword Investment Catfish,34,1,Jammu & Kashmir  GmbH & Co. KG and Son's
-34,33,1,Leucosia Limited Liability Company
Chobe River   Distribution Pelican,32,1,Playa de Arena Ltd
Dutch Bill  BV Marine,31,1,Lake Victoria Nile    Inc
Kerala  Market SRL Wave,31,1,-2
Dry Creek Incorporated Laksa,31,1,Saltwater Solutions AB Marine conservation
Diao er  Limited Liability Company,30,1,Portuguese Sea Bass &
Andhra Pradesh   Limited Liability Company Tilapia,30,1,-2
guī yú Corporation Solutions,30,1,Ocean Observers Ges.m.b.H. Export
Fisherman's Best Inc Marine,28,1,Seaside Sojourns Creek N.V. Transit
-29,26,1,Ocean Quest A/S Logistics
-30,26,1,Ocean Quest A/S Logistics
Saltwater Sisters AS Marine life,26,1,David Limited Liability Company Worldwide
Panope Limited Liability Company,26,1,SRL Ltd. Liability Co
Mar del Oeste N.V.,25,1,Asveja GmbH & Co. KG Transit
Bu yu wang Limited Liability Company,25,1,Orange River Mouth   Incorporated Distribution
Costa del Mar BV Consulting,25,1,SaltwaterSatisfactions Incorporated Marine ecology
-28,24,1,Ocean Quest A/S Logistics
William Inc Marine sanctuary,24,1,Mar de Cristal CJSC
Mar de Plata BV Marine,21,1,Meris Current Corp Transportation
Ocean Quest A/S Logistics,20,3,-28;-29;-30
-38,19,1,Ocean Quest Corporation Seaside
Saltwater Supreme Pelican Ltd Enterprises,19,1,Zambezi Delta  Limited Liability Company
Perla del Mar SRL,19,1,Dry Creek Ltd. Corporation
The Salty Pearl Tsunami Corp Express,18,1,LLC Limited Liability Company
Bahía del Este SE,18,1,West Bengal  SE Family
Whale Ltd. Liability Co,18,1,Oceanfront Oases Oyj Sea
Olas del Mar Worldwide,18,1,xiǎo lóng xiā GmbH
Diao yu bi sai  Ltd. Liability Co,18,1,Seashore Sanctuary N.V. Consultants
Tsha wamba S.A. de C.V.,17,1,Saltwater Solitude N.V. International
Tamil  Marina N.V. Family,17,1,French Sardine LLC Transit
Madhya Pradesh   Ltd. Corporation,17,1,Faroe Islands Halibut N.V. Transport
Italian Sardines Inc Carriers,16,1,Vespuci Limited Liability Company Enterprises
Saltwater Solitude N.V. International,15,1,Tsha wamba S.A. de C.V.
West Bengal  Company Nori,15,1,Malabar Sea Catch -
BlueWater Bistro A/S Holdings,15,1,Lake Rukwa  Ltd Logistics
Lake Rukwa  Ltd Logistics,15,1,BlueWater Bistro A/S Holdings
Lake Victoria Nile    Inc,14,1,Dutch Bill  BV Marine
Playa de Oro ОАО,13,1,Marine Masterminds Sp Solutions
Mar del Este Brine SRL Investment,13,1,Estrella del Mar Sp Transit
Olas del Mar N.V.,12,1,Aqua Advancements Corp Marine mist
Karnataka  Ltd. Corporation Manatee,12,1,katushka Barracuda Inc and Son's
Greek Sea Bass LLC,11,1,Adriatic Squid Limited Liability Company Current
River Gambia  Brine Pic Express,10,1,Océano del Este Corporation
-43,10,1,Sudd Swamp   Marine life
SilverStream CJSC Marine conservation,10,1,Atlantic Ocean Coast  _ Ges.m.b.H. Express
Meghalaya  Sandbar S.p.A. Services,10,1,SurfSide Limited Liability Company
Ola de la Costa SE Forwading,9,1,-37
Vespuci Sagl Marine sanctuary,9,1,Neptune's Kingdom Sailboat LLC Cargo
Orange River Mouth   Incorporated Distribution,9,1,Bu yu wang Limited Liability Company
Beach Breakers Ltd. Corporation Marine conservation,9,1,Mar de Estrellas GmbH & Co. KG
Deep Sea Divers Tom yum ОАО Marine sanctuary,8,1,Okavango River  S.A. de C.V. Solutions
-61,8,1,SaltwaterSatisfactions S.A. de C.V. Overseas
Ocean Observers Ges.m.b.H. Export,7,1,guī yú Corporation Solutions
Vespuci Limited Liability Company Enterprises,7,1,Italian Sardines Inc Carriers
Haryana Sea  Mussel Inc Export,6,1,Uttar Pradesh s Barracuda
Olas del Sur Sp,6,1,Irtysh  Dredge A/S Distribution
Seashore Sanctuary N.V. Consultants,6,1,Diao yu bi sai  Ltd. Liability Co
